{
  "term_dropped": "b1",
  "full_nll": -1.452807903289795,
  "refit_nll": -1.4523954391479492,
  "delta_nll": 0.0004124641418457031,
  "passed": false,
  "best_epoch": 39,
  "refit_closure": {
    "a1": 0.0011146398028358817,
    "b1": 0.0,
    "b2": 0.16522032022476196,
    "d1": 0.0011080248514190316,
    "d2": 0.0011063744314014912,
    "d3": 0.0011089161271229386,
    "q_scale": 1.032678484916687
  },
  "train_hist": [
    -1.5124529997507732,
    -1.5061026414235432,
    -1.5147212147712708,
    -1.5096145669619243,
    -1.5157904624938965,
    -1.5108154813448589,
    -1.5113861759503682,
    -1.5143319964408875,
    -1.5148928960164387,
    -1.5148408611615498,
    -1.508127748966217,
    -1.512735625108083,
    -1.510310431321462,
    -1.5160451332728069,
    -1.5148144761721294,
    -1.5098401705423992,
    -1.510833203792572,
    -1.5140284101168315,
    -1.5096012353897095,
    -1.5100969274838765,
    -1.512736697991689,
    -1.5087614456812541,
    -1.5186867713928223,
    -1.5080776810646057,
    -1.5142216682434082,
    -1.5161300897598267,
    -1.5062875151634216,
    -1.5118898153305054,
    -1.5124120712280273,
    -1.5151961048444111,
    -1.5146006345748901,
    -1.502305269241333,
    -1.515202562014262,
    -1.5117866396903992,
    -1.5173720518747966,
    -1.5038525263468425,
    -1.5052300890286763,
    -1.5065453449885051,
    -1.5122485160827637,
    -1.5072467525800068,
    -1.512663741906484,
    -1.5106851855913799,
    -1.514824112256368,
    -1.5128699938456218,
    -1.5088220834732056,
    -1.5157660047213237,
    -1.5041683117548625,
    -1.508164366086324,
    -1.506091872851054,
    -1.5109160741170247,
    -1.5164307554562886,
    -1.5110421379407246,
    -1.5102362235387166,
    -1.51150647799174,
    -1.5119473735491435,
    -1.5118323961893718,
    -1.5074505805969238,
    -1.5039423902829487,
    -1.5125357508659363,
    -1.5081232984860737,
    -1.5097225109736125,
    -1.5078377326329548,
    -1.5107950965563457,
    -1.5124939680099487,
    -1.516325016816457,
    -1.5131607850392659,
    -1.5118179718653362,
    -1.51099294424057,
    -1.5164270003636677
  ],
  "val_hist": [
    -1.4516582489013672,
    -1.4509434700012207,
    -1.451377034187317,
    -1.4515351057052612,
    -1.4518215656280518,
    -1.4515914916992188,
    -1.4513909816741943,
    -1.4513429403305054,
    -1.4514728784561157,
    -1.451410174369812,
    -1.4511728286743164,
    -1.4517797231674194,
    -1.451521635055542,
    -1.4516870975494385,
    -1.4514392614364624,
    -1.4512755870819092,
    -1.4517145156860352,
    -1.4519656896591187,
    -1.451811671257019,
    -1.4515925645828247,
    -1.4517711400985718,
    -1.4518320560455322,
    -1.4516915082931519,
    -1.4512015581130981,
    -1.4516111612319946,
    -1.4515860080718994,
    -1.4514727592468262,
    -1.4518485069274902,
    -1.4519681930541992,
    -1.4515997171401978,
    -1.4510434865951538,
    -1.451216220855713,
    -1.4520100355148315,
    -1.4520018100738525,
    -1.4515477418899536,
    -1.4510390758514404,
    -1.4519095420837402,
    -1.452223300933838,
    -1.4523954391479492,
    -1.4519169330596924,
    -1.451769232749939,
    -1.4514394998550415,
    -1.4513579607009888,
    -1.4514400959014893,
    -1.4517364501953125,
    -1.4519344568252563,
    -1.451702356338501,
    -1.4519010782241821,
    -1.4520413875579834,
    -1.4521288871765137,
    -1.4520046710968018,
    -1.4517416954040527,
    -1.451595664024353,
    -1.45151686668396,
    -1.451536774635315,
    -1.4515973329544067,
    -1.4518013000488281,
    -1.4519648551940918,
    -1.452123999595642,
    -1.4520798921585083,
    -1.4519903659820557,
    -1.4519293308258057,
    -1.4519493579864502,
    -1.451888084411621,
    -1.4518173933029175,
    -1.4517226219177246,
    -1.4515427350997925,
    -1.4514930248260498,
    -1.451512098312378
  ]
}