{
  "dt_eff": 0.09994265585319899,
  "thresholds": {
    "rel_var_min": 0.05,
    "tau_nll": 0.001
  },
  "seeds": {
    "1": {
      "rel_var": {
        "a1": 0.024062124233621383,
        "b1": 0.023473586263290762,
        "b2": 0.952272220460733,
        "d1": 0.000140788663728391,
        "d2": 1.3861710647264586e-05,
        "d3": 3.7418667979164616e-05
      },
      "delta_nll": {
        "a1": null,
        "b1": null,
        "b2": -4.76837158203125e-06,
        "d1": null,
        "d2": null,
        "d3": null
      },
      "selected_gate_off": [
        "b2"
      ],
      "selected_gate_on": [
        "none"
      ]
    },
    "2": {
      "rel_var": {
        "a1": 0.020882249227784346,
        "b1": 0.010815561111929141,
        "b2": 0.9680132023579491,
        "d1": 0.0002430784971299411,
        "d2": 9.157021678748082e-06,
        "d3": 3.6751783528754154e-05
      },
      "delta_nll": {
        "a1": null,
        "b1": null,
        "b2": 8.308887481689453e-05,
        "d1": null,
        "d2": null,
        "d3": null
      },
      "selected_gate_off": [
        "b2"
      ],
      "selected_gate_on": [
        "none"
      ]
    },
    "3": {
      "rel_var": {
        "a1": 9.026180603029112e-05,
        "b1": 0.9045930906787429,
        "b2": 0.0953165270798136,
        "d1": 3.467497124639669e-08,
        "d2": 4.7030051854483745e-08,
        "d3": 3.873039011868601e-08
      },
      "delta_nll": {
        "a1": null,
        "b1": 0.0004124641418457031,
        "b2": 0.0001423358917236328,
        "d1": null,
        "d2": null,
        "d3": null
      },
      "selected_gate_off": [
        "b1",
        "b2"
      ],
      "selected_gate_on": [
        "none"
      ]
    }
  },
  "summary": {
    "gate_off_selection_counts": {
      "a1": 0,
      "b1": 1,
      "b2": 3,
      "d1": 0,
      "d2": 0,
      "d3": 0,
      "none": 0
    },
    "gate_on_selection_counts": {
      "a1": 0,
      "b1": 0,
      "b2": 0,
      "d1": 0,
      "d2": 0,
      "d3": 0,
      "none": 3
    },
    "b2_rel_var": {
      "mean": 0.6718673166328318,
      "min": 0.0953165270798136,
      "max": 0.9680132023579491
    },
    "b2_delta_nll": {
      "mean": 7.355213165283203e-05,
      "min": -4.76837158203125e-06,
      "max": 0.0001423358917236328
    }
  }
}