{
  "seed1": {
    "physics": {
      "acf_50lags": [
        1.0,
        0.09902652916479752,
        -0.06815868414485936,
        -0.1329846516984123,
        -0.09064480089288432,
        -0.06032770009016995,
        -0.011191820364003988,
        -0.0024929692077221236,
        0.031449872917139556,
        -0.10192872514129575,
        0.03267522755360426,
        0.06247792400634044,
        -0.08231470874187709,
        0.09900211252731349,
        0.0040116433178910395,
        -0.0489323781112483,
        0.027655598262010875,
        0.06308461473584354,
        0.04476375917188981,
        -0.06108216574530721,
        -0.097740962081645,
        0.004403664166463951,
        -0.00230496968202801,
        -0.03654247989064034,
        -0.13473002902694511,
        0.01833024524033055,
        -0.020360323968197685,
        0.027885452038199556,
        0.0515885478982186,
        0.07332438827374622,
        0.08717583258495816,
        0.08213007770487932,
        0.003544205908342601,
        -0.05246223749016738,
        -0.05450719081495822,
        0.07465108087653273,
        0.09963837942758734,
        -0.030673617393945182,
        -0.029427993949054886,
        0.11023472197987069,
        0.004194102066499869,
        -0.06671168779018079,
        -0.032173751145924315,
        -0.004171880349927922,
        -0.148660780255719,
        -0.06871054475905264,
        -0.00408419415139639,
        0.15540288742190783,
        0.07778279490046436,
        0.10144862573187097,
        0.004426544742201257
      ],
      "nis": 0.13878966994275843,
      "cov90": 1.0
    },
    "closure": {
      "acf_50lags": [
        1.0,
        0.09681100170152601,
        -0.07033751979158166,
        -0.13470222504346094,
        -0.09211246140628833,
        -0.06174614901473302,
        -0.012335248073835623,
        -0.0036958354396202527,
        0.029890537221897384,
        -0.10408260199238863,
        0.030569125119492772,
        0.05993040692395879,
        -0.08551966046483257,
        0.09636836935415001,
        0.0008927829580433034,
        -0.05247517336065532,
        0.02415457769542784,
        0.059720428438993084,
        0.04108217954268135,
        -0.06498129542387149,
        -0.10127077864380048,
        0.001429823330428197,
        -0.005040899672801773,
        -0.03894204697624535,
        -0.1369367808344293,
        0.016813783338388122,
        -0.02180724937515863,
        0.02554118294107312,
        0.04960368788992778,
        0.07251625269528184,
        0.08652834592720224,
        0.08203533857520363,
        0.0029385543503109065,
        -0.052669952557727114,
        -0.0536697553382618,
        0.07615726514114712,
        0.10166424113387577,
        -0.028836004275435458,
        -0.027553154862574817,
        0.11243920065166095,
        0.005207431924250344,
        -0.06615984101323691,
        -0.03091129155930997,
        -0.0033736225088524807,
        -0.14808142608636674,
        -0.06795989587382603,
        -0.003334176710008508,
        0.15590859546156932,
        0.07735675368780803,
        0.10126478225026699,
        0.004803743469647526
      ],
      "nis": 0.13840010219965593,
      "cov90": 1.0
    }
  },
  "seed2": {
    "physics": {
      "acf_50lags": [
        1.0,
        0.09881840236939633,
        -0.06838464676555675,
        -0.13321094156196053,
        -0.09086266310892648,
        -0.060542534088537235,
        -0.011386851517484848,
        -0.00269870703777421,
        0.031243799761316096,
        -0.10217444066027538,
        0.0324347770780325,
        0.062241630778068414,
        -0.0825940521638128,
        0.09877210175262816,
        0.003759479977952323,
        -0.049222224266135386,
        0.02738431652721329,
        0.06282532661379576,
        0.044494665368134005,
        -0.0613605566299345,
        -0.09798818915629061,
        0.004195060622118328,
        -0.0024794459422041466,
        -0.03670626182596686,
        -0.13488079296160585,
        0.01823581057522673,
        -0.02045701010272125,
        0.02777650649102692,
        0.05149628196746303,
        0.07329913297144701,
        0.0871755991216238,
        0.08213734040425796,
        0.0035099480587174087,
        -0.05248767090570447,
        -0.0544985936932003,
        0.07469126936919047,
        0.09971390257556295,
        -0.030624777167892584,
        -0.029388024658720573,
        0.11032670615629271,
        0.00422775390287047,
        -0.06670292829043975,
        -0.03212915198058819,
        -0.0041361821473848695,
        -0.14865407497462568,
        -0.06867882291803412,
        -0.004061527725929142,
        0.15543938103372418,
        0.07774972528413757,
        0.1014257742322183,
        0.0043910137096686615
      ],
      "nis": 0.13945626838053155,
      "cov90": 1.0
    },
    "closure": {
      "acf_50lags": [
        1.0,
        0.0967425707938804,
        -0.07044855402844673,
        -0.1348615996317389,
        -0.09229330368198665,
        -0.061935890395527965,
        -0.012540909863832765,
        -0.0038957998800303573,
        0.02971526038947378,
        -0.10424098953261678,
        0.03044459251477064,
        0.05984740506745866,
        -0.08557296697938455,
        0.0963533557515219,
        0.0009263923224370826,
        -0.05239904611531412,
        0.02423675677997295,
        0.05978151603097587,
        0.04112712381021665,
        -0.06496567754105613,
        -0.10128000563051785,
        0.0014236420740217667,
        -0.005073964619422542,
        -0.03900732653538092,
        -0.13700739394787018,
        0.01678923221442413,
        -0.021801384263746934,
        0.02561453991767466,
        0.04971361051805724,
        0.07262345728961003,
        0.0866331418678787,
        0.082135392927098,
        0.003035310719328984,
        -0.052605062569101774,
        -0.05365033026365732,
        0.07617020390239562,
        0.10165115476300055,
        -0.02887127078529099,
        -0.02759769322299114,
        0.11238511974145332,
        0.005159459100056347,
        -0.06621223319573374,
        -0.030959985882576615,
        -0.0033867809943257323,
        -0.14807513071093562,
        -0.06792958631309925,
        -0.0032824466211578843,
        0.15597576888198902,
        0.07741807838957775,
        0.10129047330145136,
        0.004771395145400153
      ],
      "nis": 0.13909829993957154,
      "cov90": 1.0
    }
  },