{
  "seed1": {
    "seed": 1,
    "full6_closure": {
      "a1": 0.29158395528793335,
      "b1": 0.08791011571884155,
      "b2": 0.37797263264656067,
      "d1": 1.3082759380340576,
      "d2": 0.3012605309486389,
      "d3": 0.64639812707901,
      "q_scale": 1.0635485649108887
    },
    "rel_variance": {
      "relative": {
        "a1": 0.024062124233621383,
        "b1": 0.023473586263290762,
        "b2": 0.952272220460733,
        "d1": 0.000140788663728391,
        "d2": 1.3861710647264586e-05,
        "d3": 3.7418667979164616e-05
      },
      "absolute": {
        "a1": 3.744473886513333e-08,
        "b1": 3.6528874147734314e-08,
        "b2": 1.4818967883911682e-06,
        "d1": 2.1909099534589416e-10,
        "d2": 2.157116846257523e-11,
        "d3": 5.822978210723306e-11
      }
    },
    "dnll_gate": {
      "b2": {
        "refit_nll": -1.458087682723999,
        "delta_nll": -4.76837158203125e-06,
        "passed_gate": false,
        "best_epoch": 36
      }
    },
    "final_terms": [
      "none"
    ],
    "full_nll": -1.458082914352417
  },
  "seed2": {
    "seed": 2,
    "full6_closure": {
      "a1": 0.2620701491832733,
      "b1": 0.05887748673558235,
      "b2": 0.3760071098804474,
      "d1": 1.6252400875091553,
      "d2": 0.2371201366186142,
      "d3": 0.605697751045227,
      "q_scale": 1.0552488565444946
    },
    "rel_variance": {
      "relative": {
        "a1": 0.020882249227784346,
        "b1": 0.010815561111929141,
        "b2": 0.9680132023579491,
        "d1": 0.0002430784971299411,
        "d2": 9.157021678748082e-06,
        "d3": 3.6751783528754154e-05
      },
      "absolute": {
        "a1": 3.1636275821256277e-08,
        "b1": 1.6385403256435893e-08,
        "b2": 1.46652462262864e-06,
        "d1": 3.682600613341691e-10,
        "d2": 1.3872742364584578e-11,
        "d3": 5.5678368166001135e-11
      }
    },
    "dnll_gate": {
      "b2": {
        "refit_nll": -1.4571585655212402,
        "delta_nll": 8.308887481689453e-05,
        "passed_gate": false,
        "best_epoch": 30
      }
    },
    "final_terms": [
      "none"
    ],
    "full_nll": -1.4572416543960571
  },
  "seed3": {
    "seed": 3,
    "full6_closure": {
      "a1": 0.0011146398028358817,
      "b1": 0.042240992188453674,
      "b2": 0.009255977347493172,
      "d1": 0.0011080248514190316,
      "d2": 0.0011063744314014912,
      "d3": 0.0011089161271229386,
      "q_scale": 1.0330616235733032
    },
    "rel_variance": {
      "relative": {
        "a1": 9.026180603029112e-05,
        "b1": 0.9045930906787429,
        "b2": 0.0953165270798136,
        "d1": 3.467497124639669e-08,
        "d2": 4.7030051854483745e-08,
        "d3": 3.873039011868601e-08
      },
      "absolute": {
        "a1": 8.415454747986995e-13,
        "b1": 8.433868714519122e-09,
        "b2": 8.886725799683859e-10,
        "d1": 3.2328807083017367e-16,
        "d2": 4.384792312310586e-16,
        "d3": 3.6109829810662556e-16
      }
    },
    "dnll_gate": {
      "b1": {
        "refit_nll": -1.4523954391479492,
        "delta_nll": 0.0004124641418457031,
        "passed_gate": false,
        "best_epoch": 39
      },
      "b2": {
        "refit_nll": -1.4526655673980713,
        "delta_nll": 0.0001423358917236328,
        "passed_gate": false,
        "best_epoch": 5
      }
    },
    "final_terms": [
      "none"
    ],
    "full_nll": -1.452807903289795
  }
}