{
  "term_dropped": "b2",
  "full_nll": -1.4572416543960571,
  "refit_nll": -1.4571585655212402,
  "delta_nll": 8.308887481689453e-05,
  "passed": false,
  "best_epoch": 30,
  "refit_closure": {
    "a1": 0.2620701491832733,
    "b1": 0.05887748673558235,
    "b2": 0.0,
    "d1": 1.6252400875091553,
    "d2": 0.2371201366186142,
    "d3": 0.605697751045227,
    "q_scale": 1.0597426891326904
  },
  "train_hist": [
    -1.5095359484354656,
    -1.5108689268430073,
    -1.514815866947174,
    -1.5133905410766602,
    -1.5176934997240703,
    -1.5204790035883586,
    -1.5161816477775574,
    -1.5107199748357136,
    -1.5275176366170247,
    -1.514259397983551,
    -1.5097903609275818,
    -1.5063230395317078,
    -1.5160969297091167,
    -1.5107450485229492,
    -1.5090439518292744,
    -1.5214295387268066,
    -1.5068120161692302,
    -1.5131348371505737,
    -1.5157899260520935,
    -1.5140401721000671,
    -1.5109909176826477,
    -1.5053973197937012,
    -1.51178373893102,
    -1.5131720304489136,
    -1.5164072314898174,
    -1.5107125639915466,
    -1.5181848009427388,
    -1.5070847074190776,
    -1.5050692558288574,
    -1.515941083431244,
    -1.5141988197962444,
    -1.5060257315635681,
    -1.5212390621503193,
    -1.5123410820960999,
    -1.5151930650075276,
    -1.5157467325528462,
    -1.5087332129478455,
    -1.5126292904218037,
    -1.5074670712153118,
    -1.5103416641553242,
    -1.5030778845151265,
    -1.5189571579297383,
    -1.5150097012519836,
    -1.5127787391344707,
    -1.5100432634353638,
    -1.508305807908376,
    -1.5029503107070923,
    -1.5096525152524312,
    -1.5189330577850342,
    -1.5135966738065083,
    -1.5176594058672588,
    -1.5148929953575134,
    -1.5049702127774556,
    -1.514107584953308,
    -1.5112346609433491,
    -1.5060974756876628,
    -1.511775513490041,
    -1.5166443387667339,
    -1.5069205363591511,
    -1.5145284334818523
  ],
  "val_hist": [
    -1.4564234018325806,
    -1.4567255973815918,
    -1.4568201303482056,
    -1.4563579559326172,
    -1.4562301635742188,
    -1.4560612440109253,
    -1.4556437730789185,
    -1.4559110403060913,
    -1.4565656185150146,
    -1.4560178518295288,
    -1.4560350179672241,
    -1.4565778970718384,
    -1.4569857120513916,
    -1.4566142559051514,
    -1.4564744234085083,
    -1.4564558267593384,
    -1.4561161994934082,
    -1.4563602209091187,
    -1.4565837383270264,
    -1.4566391706466675,
    -1.4564274549484253,
    -1.4564732313156128,
    -1.4568411111831665,
    -1.45689058303833,
    -1.4565956592559814,
    -1.4561513662338257,
    -1.4562695026397705,
    -1.4562695026397705,
    -1.456695795059204,
    -1.4571585655212402,
    -1.4568592309951782,
    -1.456437349319458,
    -1.4565815925598145,
    -1.4560550451278687,
    -1.456192135810852,
    -1.456361174583435,
    -1.4564332962036133,
    -1.4566313028335571,
    -1.456718921661377,
    -1.4568761587142944,
    -1.4567620754241943,
    -1.4569110870361328,
    -1.4566850662231445,
    -1.4563770294189453,
    -1.4562071561813354,
    -1.4563395977020264,
    -1.4565857648849487,
    -1.456990361213684,
    -1.4570904970169067,
    -1.456729769706726,
    -1.4564344882965088,
    -1.456135869026184,
    -1.456014633178711,
    -1.4563008546829224,
    -1.4564732313156128,
    -1.4566049575805664,
    -1.456753134727478,
    -1.4567716121673584,
    -1.4565943479537964,
    -1.4566502571105957
  ]
}