param,seed_mean,seed_std,CV_pct,SE_hessian_s1,SE_hessian_s2,SE_hessian_s3,SE_hessian_mean,CI95_lo,CI95_hi
d2,2.480170488357544,0.19052687372755667,7.6820071290232255,7.77855945228489,5.6085262356039385,914.8099169817497,309.3990008898795,2.106737815851533,2.853603160863555
q_scale,1.0391420324643452,0.042902052112574356,4.1286032873515195,1.4189130808249288,1.7023352634124482,1.5085164405292302,1.5432549282555357,0.9550540103236995,1.123230054604991
