{
  "DT": 0.1,
  "TRAIN_SEC": 400.0,
  "VAL_SEC": 80.0,
  "TEST_SEC": 150.0,
  "WARMUP_SEC": 30.0,
  "TRUE_PHYSICS": {
    "alpha": 1.7,
    "kappa": 1.5,
    "c": 25.0,
    "vc": 0.19,
    "qx": 0.0025,
    "qu": 0.018,
    "R": 1e-06,
    "P0_xx": 0.001,
    "P0_uu": 0.01
  },
  "D2_TRUE": 2.3,
  "GAMMA_TRUE": 0.8,
  "D2_RECOVERY": [
    0.5,
    0.8888888888888888,
    1.2777777777777777,
    1.6666666666666667,
    2.0555555555555554,
    2.4444444444444446,
    2.8333333333333335,
    3.2222222222222223,
    3.611111111111111,
    4.0
  ],
  "N_RECOVERY": 10,
  "SEED_BASE": 42,
  "S1": {
    "epochs": 25,
    "L": 64,
    "H": 20,
    "batch": 128
  },
  "S2": {
    "epochs": 50,
    "L": 32,
    "H": 10,
    "batch": 256
  },
  "NULL_THRESH": 0.2
}