case,d2_true,gamma_true,d2_hat,d2_abs_err,d2_rel_err_pct,q_scale_hat,phys_ACF1,clos_ACF1,phys_NIS,clos_NIS,phys_r2_dx_1.0s,clos_r2_dx_1.0s,phys_r2_dx_2.0s,clos_r2_dx_2.0s,s1_alpha,s1_kappa,s1_c,runtime_s
in_library,2.3,0.0,0.34013333916664124,1.9598666608333586,85.21159394927646,0.9134489297866821,0.21145873531097742,0.22849537734809353,0.2416020570942832,0.27029143750361573,0.9765152678575877,0.9742782544810743,0.9858150563200133,0.983905233509632,2.7478251457214355,1.5999715328216553,23.465290069580078,64.01768445968628
out_of_library,2.3,0.8,0.5520225763320923,1.7479774236679075,75.99901842034382,1.1575603485107422,0.4246108390172525,0.4149016077202481,0.2914961833299588,0.24824620526118057,0.9686610229167603,0.9673640181112322,0.9801921289778905,0.9784173045834385,2.9968652725219727,1.6220476627349854,23.513803482055664,70.47234892845154
null,0.0,0.0,0.05133948475122452,0.05133948475122452,,1.0037275552749634,-0.021240084846499932,-0.024811879736154636,0.46396306194009396,0.4609313364431134,0.9963089788192773,0.996436065237694,0.9977689679870851,0.9979020524225406,1.5960485935211182,1.393571376800537,23.66437339782715,122.13036584854126
