case,model,label,ACF1,NIS,cov90,LB10_p,r2_dx_0.1s,skill_dx_0.1s,mae_dx_0.1s,r2_dx_0.2s,skill_dx_0.2s,mae_dx_0.2s,r2_dx_0.5s,skill_dx_0.5s,mae_dx_0.5s,r2_dx_1.0s,skill_dx_1.0s,mae_dx_1.0s,r2_dx_2.0s,skill_dx_2.0s,mae_dx_2.0s
in_library,physics,physics,0.21145873531097742,0.2416020570942832,0.9993333333333333,0.0,0.9317222744790963,0.7386999320304266,0.01593511364072034,0.9543157678844295,0.7862612994435251,0.0252957632000967,0.9683965430568028,0.8222263885071881,0.04971727100109573,0.9765152678575877,0.8467527091841022,0.07774824302730972,0.9858150563200133,0.8808994387923101,0.0975633044813609
in_library,closure,closure,0.22849537734809353,0.27029143750361573,0.9986666666666667,0.0,0.9303379009788159,0.7360642142088645,0.01612892409854259,0.9527748968950408,0.7826866246524177,0.02566286624406204,0.9664833258827678,0.8169244032722214,0.05122887563088444,0.9742782544810743,0.8396199965116422,0.08226413333581645,0.983905233509632,0.8731348491887232,0.10533038167021626
out_of_library,physics,physics,0.4246108390172525,0.2914961833299588,0.9946666666666667,0.0,0.9317098876128134,0.7386762307267349,0.01729713555056261,0.9470724273324226,0.7699400672268694,0.029571780806510323,0.9584294817186971,0.7961115052748123,0.061014696044750724,0.9686610229167603,0.8229718183925515,0.0967724351969536,0.9801921289778905,0.8592595615250918,0.12526098977584066
out_of_library,closure,closure,0.4149016077202481,0.24824620526118057,0.9973333333333333,0.0,0.9328575713025694,0.7408814389175669,0.01752684978986884,0.9482106227760619,0.7724272045609625,0.03031154006245447,0.9588047607704978,0.7970338963533511,0.06418589358187285,0.9673640181112322,0.8193456840018267,0.10321358226853793,0.9784173045834385,0.853089498617146,0.1344145361345949
null,physics,physics,-0.021240084846499932,0.46396306194009396,0.988,0.9251402222244345,0.9857264374353206,0.8805279841775517,0.014003264123148665,0.9914501920931317,0.9075348286819931,0.02147412133954274,0.994791757114562,0.9278318429954183,0.041069551295948636,0.9963089788192773,0.9392462249673098,0.06357337870596343,0.9977689679870851,0.952766198407127,0.07660787850597034
null,closure,closure,-0.024811879736154636,0.4609313364431134,0.99,0.9302973788188537,0.9857779985891443,0.8807439669834027,0.01397625608904121,0.9915142108561618,0.9078816568546839,0.02140639606335225,0.9948865239257104,0.9284914265679314,0.040780597019755296,0.996436065237694,0.9403013001623484,0.06260011864109832,0.9979020524225406,0.9541966422905546,0.07550899447773769
