bin_id,lo,hi,n_scored
0,0.0,0.1386999792389401,546
1,0.1386999792389401,0.15817841383372933,545
2,0.15817841383372933,0.17690660697563623,545
3,0.17690660697563623,0.19818030653884056,545
4,0.19818030653884056,0.2850264938908741,546
