{
  "term_dropped": "b2",
  "full_nll": -1.452807903289795,
  "refit_nll": -1.4526655673980713,
  "delta_nll": 0.0001423358917236328,
  "passed": false,
  "best_epoch": 5,
  "refit_closure": {
    "a1": 0.0011146398028358817,
    "b1": 0.0865330696105957,
    "b2": 0.0,
    "d1": 0.0011080248514190316,
    "d2": 0.0011063744314014912,
    "d3": 0.0011089161271229386,
    "q_scale": 1.015669584274292
  },
  "train_hist": [
    -1.5158285697301228,
    -1.5169772505760193,
    -1.5165753960609436,
    -1.5098422169685364,
    -1.5123947858810425,
    -1.5175249377886455,
    -1.509122371673584,
    -1.508701781431834,
    -1.5176448225975037,
    -1.50728835662206,
    -1.5118494431177776,
    -1.5125874479611714,
    -1.5152370134989421,
    -1.5138190984725952,
    -1.5011530717213948,
    -1.5136236548423767,
    -1.5133062203725178,
    -1.5124709208806355,
    -1.5066733360290527,
    -1.519908607006073,
    -1.5153658787409465,
    -1.5111939907073975,
    -1.5058558384577434,
    -1.5083638230959575,
    -1.5110291838645935,
    -1.512562096118927,
    -1.5136862595876057,
    -1.5133912364641826,
    -1.5172144770622253,
    -1.50753386815389,
    -1.5044296383857727,
    -1.515726109345754,
    -1.513547162214915,
    -1.5157829125722249,
    -1.5157753626505535
  ],
  "val_hist": [
    -1.4516679048538208,
    -1.4517335891723633,
    -1.4520983695983887,
    -1.4521795511245728,
    -1.4526655673980713,
    -1.4525905847549438,
    -1.4521130323410034,
    -1.4520726203918457,
    -1.452299952507019,
    -1.452009677886963,
    -1.4524943828582764,
    -1.4526492357254028,
    -1.4523876905441284,
    -1.4518342018127441,
    -1.4518749713897705,
    -1.4525835514068604,
    -1.4524909257888794,
    -1.4518789052963257,
    -1.4517191648483276,
    -1.4518071413040161,
    -1.4514411687850952,
    -1.4511350393295288,
    -1.4514575004577637,
    -1.4521450996398926,
    -1.452380657196045,
    -1.4520595073699951,
    -1.4515209197998047,
    -1.4512500762939453,
    -1.4514271020889282,
    -1.451233983039856,
    -1.4520033597946167,
    -1.4521785974502563,
    -1.4518440961837769,
    -1.451356053352356,
    -1.4510936737060547
  ]
}