seed,rate,acf1_clos,acf5_clos,nis_mean_clos,cov90_clos,grey_frac_clos,acf1_phys,acf5_phys,nis_mean_phys,cov90_phys
1,10hz,0.5759955766513073,0.03583050853953677,0.4224592302838862,0.9805647231389806,0.0014940602907643978,0.585824987596711,0.05909719065173836,0.4381697705204335,0.980931426475981
1,50hz,0.660751123298231,0.11358014967382607,0.23038679592568262,0.992298665101951,5.9572095737588604e-05,0.6631325702777184,0.11882557840915202,0.23418084570403414,0.9922253190553029
2,10hz,0.5490575447928515,0.016047454524909365,0.4773485433173635,0.9801980198019802,0.0018665367572536944,0.5536629572878423,0.026726018733443838,0.5284740330640071,0.977997799779978
2,50hz,0.6255447084670313,0.09430262806987172,0.27797368159637853,0.9913451664955258,7.491541663166618e-05,0.6272622225611554,0.09563510227252489,0.3038714884312186,0.9909784362622854
3,10hz,0.6137556064755448,0.0374713699532013,0.3662788581568499,0.982031536486982,0.0016217474274699537,0.6260079151357311,0.07014626857644138,0.3763345792434397,0.9831316464979831
3,50hz,0.7528165451156154,0.14193787295875313,0.17933581388924633,0.9917852427754144,6.418183084320636e-05,0.7548356544492077,0.15046375686882063,0.18003187574160603,0.9918585888220625
