Model,Type,Params,Interpretable,R2_dx@0.1s,R2_dx@0.2s,R2_dx@0.5s,R2_dx@1.0s,Skill@1s,MAE@1s,RMSE@1s,n@1s
Persistence,baseline,0,Yes,-0.000000,-0.000000,-0.000000,-0.000000,-0.000000,0.048719,0.124268,2717
Climatology,baseline,1/h,Yes,-0.000000,-0.000000,-0.000000,-0.000000,-0.000000,0.048719,0.124268,2717
AR(10),linear,10,Yes,0.422822,0.216729,0.059970,0.026502,0.013340,0.049256,0.122610,2717
Ridge,linear,~27,Partial,0.442922,0.250338,0.096317,0.091501,0.046848,0.063648,0.118446,2717
MLP,nonlinear,~1441,No,0.515015,0.336598,-0.095301,-0.012803,-0.006381,0.069068,0.125060,2717
GradBoost,nonlinear,"depth=3, iter=100",No,0.670732,0.587365,0.316294,0.051653,0.026169,0.061999,0.121016,2717
Grey-box (d2),grey-box,6+1,Yes,0.044256,0.056561,0.101078,0.175562,0.092014,0.065428,0.112833,2717
