{
  "term_dropped": "b2",
  "full_nll": -1.458082914352417,
  "refit_nll": -1.458087682723999,
  "delta_nll": -4.76837158203125e-06,
  "passed": false,
  "best_epoch": 36,
  "refit_closure": {
    "a1": 0.29158395528793335,
    "b1": 0.08791011571884155,
    "b2": 0.0,
    "d1": 1.3082759380340576,
    "d2": 0.3012605309486389,
    "d3": 0.64639812707901,
    "q_scale": 1.0706605911254883
  },
  "train_hist": [
    -1.5194391806920369,
    -1.5120326280593872,
    -1.5140447417895,
    -1.5122673710187275,
    -1.5130602717399597,
    -1.5171605745951335,
    -1.506935715675354,
    -1.5166419347127278,
    -1.507690151532491,
    -1.5140036344528198,
    -1.50918181737264,
    -1.5164745450019836,
    -1.5095123052597046,
    -1.5112737814585369,
    -1.5057098070780437,
    -1.5184999306996663,
    -1.5174223979314168,
    -1.5164895455042522,
    -1.5122684041659038,
    -1.5148837169011433,
    -1.5154719750086467,
    -1.5126614173253377,
    -1.5175758997599285,
    -1.5066026250521343,
    -1.51761261622111,
    -1.5153121153513591,
    -1.511254370212555,
    -1.5077385505040486,
    -1.5108653704325359,
    -1.5144904653231304,
    -1.5181017518043518,
    -1.5108521779378254,
    -1.5118354558944702,
    -1.5092635949452717,
    -1.5062038103739421,
    -1.509508232275645,
    -1.5139811436335247,
    -1.5090129375457764,
    -1.5040451884269714,
    -1.5162866314252217,
    -1.516030192375183,
    -1.5151105324427288,
    -1.5114874641100566,
    -1.509215275446574,
    -1.5105977058410645,
    -1.516709566116333,
    -1.5011300841967266,
    -1.510347584883372,
    -1.5121729969978333,
    -1.5065900087356567,
    -1.5131796995798747,
    -1.508748988310496,
    -1.5178931554158528,
    -1.5163485209147136,
    -1.5091656645139058,
    -1.5194615721702576,
    -1.514504114786784,
    -1.5117361744244893,
    -1.5154385566711426,
    -1.5096084674199421,
    -1.5177473028500874,
    -1.5153013269106548,
    -1.51081786553065,
    -1.5145112872123718,
    -1.5170208811759949,
    -1.507286826769511
  ],
  "val_hist": [
    -1.4571337699890137,
    -1.4568203687667847,
    -1.4570034742355347,
    -1.4574768543243408,
    -1.4575377702713013,
    -1.4574652910232544,
    -1.4572113752365112,
    -1.4573988914489746,
    -1.457343578338623,
    -1.4575402736663818,
    -1.45745849609375,
    -1.4577535390853882,
    -1.4573004245758057,
    -1.457379698753357,
    -1.4574686288833618,
    -1.4577276706695557,
    -1.4572925567626953,
    -1.456931233406067,
    -1.4567391872406006,
    -1.4571282863616943,
    -1.4573988914489746,
    -1.4572484493255615,
    -1.4572111368179321,
    -1.457219123840332,
    -1.4576140642166138,
    -1.4573527574539185,
    -1.4570775032043457,
    -1.457205057144165,
    -1.45766019821167,
    -1.4579358100891113,
    -1.4573196172714233,
    -1.4565308094024658,
    -1.4568860530853271,
    -1.457594633102417,
    -1.4580427408218384,
    -1.458087682723999,
    -1.4578708410263062,
    -1.457309365272522,
    -1.4574617147445679,
    -1.4578806161880493,
    -1.4575278759002686,
    -1.4569870233535767,
    -1.4568394422531128,
    -1.4572229385375977,
    -1.4577635526657104,
    -1.457839012145996,
    -1.4573605060577393,
    -1.4576573371887207,
    -1.4577571153640747,
    -1.4576929807662964,
    -1.4577354192733765,
    -1.457635521888733,
    -1.4575875997543335,
    -1.4572798013687134,
    -1.4570788145065308,
    -1.4571263790130615,
    -1.4569889307022095,
    -1.4569859504699707,
    -1.4570648670196533,
    -1.4571318626403809,
    -1.4572598934173584,
    -1.4572771787643433,
    -1.4572480916976929,
    -1.4572755098342896,
    -1.45729398727417,
    -1.4572961330413818
  ]
}